
			CREATE TABLE MANUFACTURER(
					 MANUFACTURER_ID INT  AUTO_INCREMENT,
					 MANUFACTURER_NAME VARCHAR(255),
					 DESCRIPTION VARCHAR(255),
					 IS_DELETED BOOLEAN DEFAULT FALSE,
					 CREATED_AT DATETIME DEFAULT CURRENT_TIMESTAMP,
					 UPDATED_AT DATETIME DEFAULT CURRENT_TIMESTAMP,
					 PRIMARY KEY(MANUFACTURER_ID)
			);
			
			INSERT INTO `manufacturer`(`MANUFACTURER_ID`, `MANUFACTURER_NAME`, `DESCRIPTION`) VALUES (1, "man1", "man1desc");
INSERT INTO `manufacturer`(`MANUFACTURER_ID`, `MANUFACTURER_NAME`, `DESCRIPTION`) VALUES (2, "man2", "man2desc");
INSERT INTO `manufacturer`(`MANUFACTURER_ID`, `MANUFACTURER_NAME`, `DESCRIPTION`) VALUES (3, "man3", "man3desc");

			
			CREATE TABLE BRANDS(
					 BRAND_ID INT  AUTO_INCREMENT,
					 BRAND_NAME VARCHAR(255),
					 MANUFACTURER_ID INT, 
					 IS_DELETED BOOLEAN DEFAULT FALSE,
					 CREATED_AT DATETIME DEFAULT CURRENT_TIMESTAMP,
					 UPDATED_AT DATETIME DEFAULT CURRENT_TIMESTAMP,
					 PRIMARY KEY(BRAND_ID),
					 FOREIGN KEY (MANUFACTURER_ID) REFERENCES MANUFACTURER(MANUFACTURER_ID)
			 );
			 
			 INSERT INTO `brands`(`BRAND_ID`, `BRAND_NAME`, `MANUFACTURER_ID`) VALUES (1, "brand1", 2);
INSERT INTO `brands`(`BRAND_ID`, `BRAND_NAME`, `MANUFACTURER_ID`) VALUES (2, "brand2", 2);
INSERT INTO `brands`(`BRAND_ID`, `BRAND_NAME`, `MANUFACTURER_ID`) VALUES (3, "brand3", 1);

			 
			CREATE TABLE CATEGORY(
					 CATEGORY_ID INT  AUTO_INCREMENT,
					 CATEGORY_NAME VARCHAR(255),
					 DESCRIPTION VARCHAR(255),
					 CATEGORY_PARENT_ID INT,
					 IS_DELETED BOOLEAN DEFAULT FALSE,
					 CREATED_AT DATETIME DEFAULT CURRENT_TIMESTAMP,
					 UPDATED_AT DATETIME DEFAULT CURRENT_TIMESTAMP,
					 PRIMARY KEY(CATEGORY_ID)
			 );
			 
			 INSERT INTO `category`(`CATEGORY_ID`, `CATEGORY_NAME`, `DESCRIPTION`, `CATEGORY_PARENT_ID`) VALUES (1, "cat1", "cat1desc", 1);
INSERT INTO `category`(`CATEGORY_ID`, `CATEGORY_NAME`, `DESCRIPTION`, `CATEGORY_PARENT_ID`) VALUES (2, "cat2", "cat2desc", 2);
INSERT INTO `category`(`CATEGORY_ID`, `CATEGORY_NAME`, `DESCRIPTION`, `CATEGORY_PARENT_ID`) VALUES (3, "cat3", "cat3desc", 1);


	
			CREATE TABLE UNITS(
					 UNIT_ID INT  AUTO_INCREMENT,
					 TITLE VARCHAR(255),
					 IS_DELETED BOOLEAN DEFAULT FALSE,
					 CREATED_AT DATETIME DEFAULT CURRENT_TIMESTAMP,
					 UPDATED_AT DATETIME DEFAULT CURRENT_TIMESTAMP,
					 PRIMARY KEY(UNIT_ID)
			 );
	
			INSERT INTO `units`(`UNIT_ID`, `TITLE`) VALUES (1,"unit1");
INSERT INTO `units`(`UNIT_ID`, `TITLE`) VALUES (2,"unit2");
INSERT INTO `units`(`UNIT_ID`, `TITLE`) VALUES (3,"unit3");



	
	CREATE TABLE PRODUCT_MASTER(
					 PRODUCT_MASTER_ID INT  AUTO_INCREMENT,
					 PRODUCT_MASTER_NAME VARCHAR(255),
					 BRAND_ID INT ,
					 CATEGORY_ID INT ,
					 PRIMARY KEY(PRODUCT_MASTER_ID),
					 FOREIGN KEY (BRAND_ID) REFERENCES BRANDS(BRAND_ID),
					 FOREIGN KEY (CATEGORY_ID) REFERENCES CATEGORY(CATEGORY_ID)
			 );
			 
			 INSERT INTO `product_master`(`PRODUCT_MASTER_ID`, `PRODUCT_MASTER_NAME`, `BRAND_ID`, `CATEGORY_ID`) VALUES (1, "prodmast1", 1, 2);
INSERT INTO `product_master`(`PRODUCT_MASTER_ID`, `PRODUCT_MASTER_NAME`, `BRAND_ID`, `CATEGORY_ID`) VALUES (2, "prodmast2", 2, 2);
INSERT INTO `product_master`(`PRODUCT_MASTER_ID`, `PRODUCT_MASTER_NAME`, `BRAND_ID`, `CATEGORY_ID`) VALUES (3, "prodmast3", 3, 1);

	
			CREATE TABLE PRODUCTS(
					 PRODUCT_ID INT  AUTO_INCREMENT,
					 PRODUCT_NAME VARCHAR(255),
					 PRODUCT_CODE VARCHAR(255),
					 DESCRIPTION VARCHAR(255),
					 SIZE DOUBLE,
					 HSN_CODE INT NOT NULL,
					 PRODUCT_MASTER_ID INT,
					 UNIT_ID INT,
					 IS_ACTIVE BOOLEAN DEFAULT TRUE,
					 IS_DELETED BOOLEAN DEFAULT FALSE,
					 CREATED_AT DATETIME DEFAULT CURRENT_TIMESTAMP,
					 UPDATED_AT DATETIME DEFAULT CURRENT_TIMESTAMP,
					 PRIMARY KEY(PRODUCT_ID),
					 FOREIGN KEY (PRODUCT_MASTER_ID) REFERENCES PRODUCT_MASTER(PRODUCT_MASTER_ID),
					 FOREIGN KEY (UNIT_ID) REFERENCES UNITS(UNIT_ID)
			 );
	
	INSERT INTO `products`(`PRODUCT_ID`, `PRODUCT_NAME`, `PRODUCT_CODE`, `DESCRIPTION`, `SIZE`, `HSN_CODE`, `PRODUCT_MASTER_ID`, `UNIT_ID`) VALUES (1,"prodName1","prodcode1","proddesc1", 5, 12345, 1,1);
INSERT INTO `products`(`PRODUCT_ID`, `PRODUCT_NAME`, `PRODUCT_CODE`, `DESCRIPTION`, `SIZE`, `HSN_CODE`, `PRODUCT_MASTER_ID`, `UNIT_ID`) VALUES (2,"prodName2","prodcode2","proddesc2", 5, 12346, 2,1);
INSERT INTO `products`(`PRODUCT_ID`, `PRODUCT_NAME`, `PRODUCT_CODE`, `DESCRIPTION`, `SIZE`, `HSN_CODE`, `PRODUCT_MASTER_ID`, `UNIT_ID`) VALUES (3,"prodName3","prodcode3","proddesc3", 5, 12347, 1,2);
	
	
			